,mae,rmse,r2
median,108.75712942270721,178.20006473771386,-0.14405626140702
