,mae,rmse,r2
mean,117.62245355615451,166.60351745306463,0.0
