,mae,rmse,r2
mean,59.89856438849121,78.59231894420644,0.0
