,mae,rmse,r2
median,54.95081351667107,84.87772990906124,-0.16634573286650367
